{
    "change_point_date":"2004-06-30",
    "change_point_index":205,
    "before_mean":17.949365853658534,
    "after_mean":49.1301442198501,
    "percentage_change":173.71520877344054
}